{"cameraMode":{"drawMode":0,"name":"Shaded","section":"Shading Mode"},"sceneLighting":true,"audioPlay":false,"sceneViewState":{"m_AlwaysRefresh":false,"showFog":true,"showSkybox":true,"showFlares":true,"showImageEffects":true,"showParticleSystems":true,"showVisualEffectGraphs":true,"m_FxEnabled":true},"in2DMode":false,"pivot":{"x":15.545001029968262,"y":14.017334938049317,"z":1.5581207275390626},"rotation":{"x":-0.3314734697341919,"y":0.45297861099243166,"z":-0.1861986517906189,"w":-0.8063957691192627},"size":7.3040595054626469,"orthographic":true}