{"cameraMode":{"drawMode":0,"name":"Shaded","section":"Shading Mode"},"sceneLighting":true,"audioPlay":false,"sceneViewState":{"m_AlwaysRefresh":false,"showFog":true,"showSkybox":true,"showFlares":true,"showImageEffects":true,"showParticleSystems":true,"showVisualEffectGraphs":true,"m_FxEnabled":true},"in2DMode":false,"pivot":{"x":1.960536003112793,"y":0.9064821600914002,"z":-13.358945846557618},"rotation":{"x":0.23941640555858613,"y":0.37252211570739748,"z":-0.100100077688694,"w":0.8910210728645325},"size":0.8635384440422058,"orthographic":false}