{"cameraMode":{"drawMode":0,"name":"Shaded","section":"Shading Mode"},"sceneLighting":true,"audioPlay":false,"sceneViewState":{"m_AlwaysRefresh":false,"showFog":true,"showSkybox":true,"showFlares":true,"showImageEffects":true,"showParticleSystems":true,"showVisualEffectGraphs":true,"m_FxEnabled":true},"in2DMode":false,"pivot":{"x":7.5232744216918949,"y":2.103067398071289,"z":1.1313886642456055},"rotation":{"x":0.0896875411272049,"y":0.2337862253189087,"z":-0.021663442254066469,"w":0.9679024815559387},"size":6.244223117828369,"orthographic":false}