{"cameraMode":{"drawMode":0,"name":"Shaded","section":"Shading Mode"},"sceneLighting":false,"audioPlay":false,"sceneViewState":{"m_AlwaysRefresh":false,"showFog":true,"showSkybox":false,"showFlares":true,"showImageEffects":true,"showParticleSystems":true,"showVisualEffectGraphs":true,"m_FxEnabled":true},"in2DMode":false,"pivot":{"x":9.520960807800293,"y":0.2221388816833496,"z":25.947467803955079},"rotation":{"x":-0.001671409234404564,"y":0.9978910088539124,"z":-0.028447624295949937,"w":-0.05843379721045494},"size":2.3965976238250734,"orthographic":true}